sep=;
arbre_id;terrain;rang;position;hors_plan;rang_statut;etat_code;etat_label;autre_type;autre_fruit;espece;tronc_code;tronc_label;arch_code;arch_label;fruits_code;fruits_label;charge_mode;couleur_code;couleur_label;pourri_code;pourri_label;ecorce_code;ecorce_label;arbre_complet;duree_saisie_s;flag_qc;horodatage_iso;operateur_label;device_id;app_version;passe;langue_saisie;version;source;media_ref;_fichier
T1-R07-001;T1;7;1;NON;COMPLET;1;VIVANT;NULL;NULL;NULL;1;MOYEN;0;A;1;1-5;PALIER;0;VERTES;0;NON;1;QUELQUES BOSSES;OUI;11;OK;2026-08-08T11:02:10.000Z;AXATYA;DA1B2C;1.0.0;1;FR;1;SAISIE;NULL;T1_R07_AXATYA_20260808_1310.csv
T1-R07-002;T1;7;2;NON;COMPLET;1;VIVANT;NULL;NULL;NULL;2;GROS;0;A;2;6-15;PALIER;2;ROUGES;1;OUI;2;COUVERTE DE BOSSES;OUI;16;OK;2026-08-08T15:40:12.000Z;ZURAB;DB9X8Y;1.0.0;1;FR;1;SAISIE;NULL;T1_R07_ZURAB_20260808_1615.csv
T1-R07-003;T1;7;3;NON;COMPLET;1;VIVANT;NULL;NULL;NULL;0;FIN;2;C;0;0;PALIER;NULL;NULL;NULL;NULL;0;LISSE;OUI;10;OK;2026-08-08T15:40:35.000Z;ZURAB;DB9X8Y;1.0.0;1;FR;1;SAISIE;NULL;T1_R07_ZURAB_20260808_1615.csv
T1-R07-004;T1;7;4;NON;COMPLET;0;MORT;NULL;NULL;NULL;NULL;NULL;NULL;NULL;NULL;NULL;PALIER;NULL;NULL;NULL;NULL;NULL;NULL;OUI;3;RAPIDE;2026-08-08T11:03:02.000Z;AXATYA;DA1B2C;1.0.0;1;FR;1;SAISIE;NULL;T1_R07_AXATYA_20260808_1310.csv
T1-R07-008;T1;7;8;NON;COMPLET;1;VIVANT;NULL;NULL;NULL;1;MOYEN;2;C;1;1-5;PALIER;1;JAUNES;0;NON;3;TROU, Ã‰CORCE PARTIE;OUI;12;OK;2026-08-08T11:04:40.000Z;AXATYA;DA1B2C;1.0.0;1;FR;1;SAISIE;NULL;T1_R07_AXATYA_20260808_1310.csv
T1-R07-012;T1;7;12;NON;COMPLET;1;VIVANT;NULL;NULL;NULL;2;GROS;1;B;2;6-15;PALIER;0;VERTES;0;NON;1;QUELQUES BOSSES;OUI;13;OK;2026-08-08T11:09:48.000Z;AXATYA;DA1B2C;1.0.0;1;FR;2;SAISIE;NULL;T1_R07_AXATYA_20260808_1310.csv
T1-R07-020;T1;7;20;OUI;COMPLET;1;VIVANT;NULL;NULL;NULL;1;MOYEN;1;B;3;15+;PALIER;1;JAUNES;1;OUI;2;COUVERTE DE BOSSES;OUI;15;OK;2026-08-08T15:44:02.000Z;ZURAB;DB9X8Y;1.0.0;1;FR;1;SAISIE;NULL;T1_R07_ZURAB_20260808_1615.csv
T3-R04-001;T3;4;1;NON;COMPLET;1;VIVANT;NULL;NULL;POIRIER;NULL;NULL;NULL;NULL;1;PRESENTS;BINAIRE;NULL;NULL;NULL;NULL;NULL;NULL;OUI;7;OK;2026-08-08T16:10:00.000Z;ZURAB;DB9X8Y;1.0.0;1;FR;1;SAISIE;NULL;T1_R07_ZURAB_20260808_1615.csv
